<?xml version="1.0" encoding="UTF-8"?>
<GenRun Id="impl_1" LaunchPart="xc7a35tcpg236-1" LaunchTime="1730640459">
  <File Type="ROUTE-PWR" Name="Top_Student_power_routed.rpt"/>
  <File Type="PA-TCL" Name="Top_Student.tcl"/>
  <File Type="BITSTR-BMM" Name="Top_Student_bd.bmm"/>
  <File Type="ROUTE-PWR-SUM" Name="Top_Student_power_summary_routed.pb"/>
  <File Type="REPORTS-TCL" Name="Top_Student_reports.tcl"/>
  <File Type="OPT-DCP" Name="Top_Student_opt.dcp"/>
  <File Type="OPT-DRC" Name="Top_Student_drc_opted.rpt"/>
  <File Type="OPT-HWDEF" Name="Top_Student.hwdef"/>
  <File Type="PWROPT-DCP" Name="Top_Student_pwropt.dcp"/>
  <File Type="PLACE-DCP" Name="Top_Student_placed.dcp"/>
  <File Type="PLACE-IO" Name="Top_Student_io_placed.rpt"/>
  <File Type="PLACE-UTIL" Name="Top_Student_utilization_placed.rpt"/>
  <File Type="PLACE-UTIL-PB" Name="Top_Student_utilization_placed.pb"/>
  <File Type="PLACE-CTRL" Name="Top_Student_control_sets_placed.rpt"/>
  <File Type="PLACE-PRE-SIMILARITY" Name="Top_Student_incremental_reuse_pre_placed.rpt"/>
  <File Type="BG-BGN" Name="Top_Student.bgn"/>
  <File Type="POSTPLACE-PWROPT-DCP" Name="Top_Student_postplace_pwropt.dcp"/>
  <File Type="BG-BIN" Name="Top_Student.bin"/>
  <File Type="PHYSOPT-DCP" Name="Top_Student_physopt.dcp"/>
  <File Type="BITSTR-MSK" Name="Top_Student.msk"/>
  <File Type="ROUTE-ERROR-DCP" Name="Top_Student_routed_error.dcp"/>
  <File Type="ROUTE-DCP" Name="Top_Student_routed.dcp"/>
  <File Type="ROUTE-BLACKBOX-DCP" Name="Top_Student_routed_bb.dcp"/>
  <File Type="ROUTE-DRC" Name="Top_Student_drc_routed.rpt"/>
  <File Type="ROUTE-DRC-PB" Name="Top_Student_drc_routed.pb"/>
  <File Type="ROUTE-DRC-RPX" Name="Top_Student_drc_routed.rpx"/>
  <File Type="BITSTR-LTX" Name="Top_Student.ltx"/>
  <File Type="ROUTE-METHODOLOGY-DRC" Name="Top_Student_methodology_drc_routed.rpt"/>
  <File Type="BITSTR-MMI" Name="Top_Student.mmi"/>
  <File Type="ROUTE-METHODOLOGY-DRC-RPX" Name="Top_Student_methodology_drc_routed.rpx"/>
  <File Type="ROUTE-METHODOLOGY-DRC-PB" Name="Top_Student_methodology_drc_routed.pb"/>
  <File Type="BITSTR-SYSDEF" Name="Top_Student.sysdef"/>
  <File Type="ROUTE-PWR-RPX" Name="Top_Student_power_routed.rpx"/>
  <File Type="ROUTE-STATUS" Name="Top_Student_route_status.rpt"/>
  <File Type="ROUTE-STATUS-PB" Name="Top_Student_route_status.pb"/>
  <File Type="ROUTE-TIMINGSUMMARY" Name="Top_Student_timing_summary_routed.rpt"/>
  <File Type="ROUTE-TIMING-PB" Name="Top_Student_timing_summary_routed.pb"/>
  <File Type="ROUTE-TIMING-RPX" Name="Top_Student_timing_summary_routed.rpx"/>
  <File Type="ROUTE-CLK" Name="Top_Student_clock_utilization_routed.rpt"/>
  <File Type="ROUTE-BUS-SKEW" Name="Top_Student_bus_skew_routed.rpt"/>
  <File Type="ROUTE-BUS-SKEW-PB" Name="Top_Student_bus_skew_routed.pb"/>
  <File Type="ROUTE-BUS-SKEW-RPX" Name="Top_Student_bus_skew_routed.rpx"/>
  <File Type="POSTROUTE-PHYSOPT-DCP" Name="Top_Student_postroute_physopt.dcp"/>
  <File Type="POSTROUTE-PHYSOPT-BLACKBOX-DCP" Name="Top_Student_postroute_physopt_bb.dcp"/>
  <File Type="BG-BIT" Name="Top_Student.bit"/>
  <File Type="BITSTR-RBT" Name="Top_Student.rbt"/>
  <File Type="BITSTR-NKY" Name="Top_Student.nky"/>
  <File Type="BG-DRC" Name="Top_Student.drc"/>
  <File Type="RDI-RDI" Name="Top_Student.vdi"/>
  <File Type="WBT-USG" Name="usage_statistics_webtalk.html"/>
  <FileSet Name="sources" Type="DesignSrcs" RelSrcDir="$PSRCDIR/sources_1">
    <Filter Type="Srcs"/>
    <File Path="$PSRCDIR/sources_1/imports/limko/Downloads/ABCDE_Rnd2.xpr/MODS/MODS.srcs/sources_1/new/BRAM_Det_Size_select.v">
      <FileInfo>
        <Attr Name="ImportPath" Val="$PPRDIR/../../../../../../ABCDE_Rnd2.xpr/MODS/MODS.srcs/sources_1/new/BRAM_Det_Size_select.v"/>
        <Attr Name="ImportTime" Val="1730531896"/>
        <Attr Name="UsedIn" Val="synthesis"/>
        <Attr Name="UsedIn" Val="implementation"/>
        <Attr Name="UsedIn" Val="simulation"/>
      </FileInfo>
    </File>
    <File Path="$PSRCDIR/sources_1/new/BRAM_OK.v">
      <FileInfo>
        <Attr Name="ImportPath" Val="$PPRDIR/../../../../../../ABCDE_Rnd3.xpr/MODS/MODS.srcs/sources_1/new/BRAM_OK.v"/>
        <Attr Name="ImportTime" Val="1730545370"/>
        <Attr Name="UsedIn" Val="synthesis"/>
        <Attr Name="UsedIn" Val="implementation"/>
        <Attr Name="UsedIn" Val="simulation"/>
      </FileInfo>
    </File>
    <File Path="$PSRCDIR/sources_1/new/BRAM_background.v">
      <FileInfo>
        <Attr Name="ImportPath" Val="$PPRDIR/../../../../../../../../../../../../../../../../../../MODS/MODS.srcs/sources_1/new/BRAM_background.v"/>
        <Attr Name="ImportTime" Val="1730296054"/>
        <Attr Name="UsedIn" Val="synthesis"/>
        <Attr Name="UsedIn" Val="implementation"/>
        <Attr Name="UsedIn" Val="simulation"/>
      </FileInfo>
    </File>
    <File Path="$PSRCDIR/sources_1/new/BRAM_basics.v">
      <FileInfo>
        <Attr Name="ImportPath" Val="$PPRDIR/../../../../../../../../../../../../../../../../../../MODS/MODS.srcs/sources_1/new/BRAM_basics.v"/>
        <Attr Name="ImportTime" Val="1730296071"/>
        <Attr Name="UsedIn" Val="synthesis"/>
        <Attr Name="UsedIn" Val="implementation"/>
        <Attr Name="UsedIn" Val="simulation"/>
      </FileInfo>
    </File>
    <File Path="$PSRCDIR/sources_1/new/BRAM_det_output_bg.v">
      <FileInfo>
        <Attr Name="ImportPath" Val="$PPRDIR/../../../../../../ABCDE_Rnd3.xpr/MODS/MODS.srcs/sources_1/new/BRAM_det_output_bg.v"/>
        <Attr Name="ImportTime" Val="1730563969"/>
        <Attr Name="UsedIn" Val="synthesis"/>
        <Attr Name="UsedIn" Val="implementation"/>
        <Attr Name="UsedIn" Val="simulation"/>
      </FileInfo>
    </File>
    <File Path="$PSRCDIR/sources_1/new/BRAM_diagonal.v">
      <FileInfo>
        <Attr Name="ImportPath" Val="$PPRDIR/../../../../../../../../../../../../../../../../../../MODS/MODS.srcs/sources_1/new/BRAM_diagonal.v"/>
        <Attr Name="ImportTime" Val="1730296080"/>
        <Attr Name="UsedIn" Val="synthesis"/>
        <Attr Name="UsedIn" Val="implementation"/>
        <Attr Name="UsedIn" Val="simulation"/>
      </FileInfo>
    </File>
    <File Path="$PSRCDIR/sources_1/new/BRAM_escaped.v">
      <FileInfo>
        <Attr Name="ImportPath" Val="$PPRDIR/../../../../../../ABCDE_Rnd3.xpr/MODS/MODS.srcs/sources_1/new/BRAM_escaped.v"/>
        <Attr Name="ImportTime" Val="1730534940"/>
        <Attr Name="UsedIn" Val="synthesis"/>
        <Attr Name="UsedIn" Val="implementation"/>
        <Attr Name="UsedIn" Val="simulation"/>
      </FileInfo>
    </File>
    <File Path="$PSRCDIR/sources_1/imports/limko/Downloads/ABCDE_Rnd2.xpr/MODS/MODS.srcs/sources_1/new/BRAM_mult_size.v">
      <FileInfo>
        <Attr Name="ImportPath" Val="$PPRDIR/../../../../../../ABCDE_Rnd2.xpr/MODS/MODS.srcs/sources_1/new/BRAM_mult_size.v"/>
        <Attr Name="ImportTime" Val="1730532626"/>
        <Attr Name="UsedIn" Val="synthesis"/>
        <Attr Name="UsedIn" Val="implementation"/>
        <Attr Name="UsedIn" Val="simulation"/>
      </FileInfo>
    </File>
    <File Path="$PSRCDIR/sources_1/imports/limko/Downloads/ABCDE_Rnd2.xpr/MODS/MODS.srcs/sources_1/new/BRAM_mult_size_r1.v">
      <FileInfo>
        <Attr Name="ImportPath" Val="$PPRDIR/../../../../../../ABCDE_Rnd2.xpr/MODS/MODS.srcs/sources_1/new/BRAM_mult_size_r1.v"/>
        <Attr Name="ImportTime" Val="1730532654"/>
        <Attr Name="UsedIn" Val="synthesis"/>
        <Attr Name="UsedIn" Val="implementation"/>
        <Attr Name="UsedIn" Val="simulation"/>
      </FileInfo>
    </File>
    <File Path="$PSRCDIR/sources_1/imports/limko/Downloads/ABCDE_Rnd2.xpr/MODS/MODS.srcs/sources_1/new/BRAM_mult_size_r2.v">
      <FileInfo>
        <Attr Name="ImportPath" Val="$PPRDIR/../../../../../../ABCDE_Rnd2.xpr/MODS/MODS.srcs/sources_1/new/BRAM_mult_size_r2.v"/>
        <Attr Name="ImportTime" Val="1730532693"/>
        <Attr Name="UsedIn" Val="synthesis"/>
        <Attr Name="UsedIn" Val="implementation"/>
        <Attr Name="UsedIn" Val="simulation"/>
      </FileInfo>
    </File>
    <File Path="$PSRCDIR/sources_1/imports/limko/Downloads/ABCDE_Rnd2.xpr/MODS/MODS.srcs/sources_1/new/BRAM_numpad.v">
      <FileInfo>
        <Attr Name="ImportPath" Val="$PPRDIR/../../../../../../ABCDE_Rnd2.xpr/MODS/MODS.srcs/sources_1/new/BRAM_numpad.v"/>
        <Attr Name="ImportTime" Val="1730531160"/>
        <Attr Name="UsedIn" Val="synthesis"/>
        <Attr Name="UsedIn" Val="implementation"/>
        <Attr Name="UsedIn" Val="simulation"/>
      </FileInfo>
    </File>
    <File Path="$PSRCDIR/sources_1/imports/limko/Downloads/ABCDE_Rnd2.xpr/MODS/MODS.srcs/sources_1/new/BRAM_pill.v">
      <FileInfo>
        <Attr Name="ImportPath" Val="$PPRDIR/../../../../../../ABCDE_Rnd2.xpr/MODS/MODS.srcs/sources_1/new/BRAM_pill.v"/>
        <Attr Name="ImportTime" Val="1730531540"/>
        <Attr Name="UsedIn" Val="synthesis"/>
        <Attr Name="UsedIn" Val="implementation"/>
        <Attr Name="UsedIn" Val="simulation"/>
      </FileInfo>
    </File>
    <File Path="$PSRCDIR/sources_1/new/BRAM_quiz_results_screen.v">
      <FileInfo>
        <Attr Name="ImportPath" Val="$PPRDIR/../../../../../../ABCDE_Rnd3.xpr/MODS/MODS.srcs/sources_1/new/BRAM_quiz_results_screen.v"/>
        <Attr Name="ImportTime" Val="1730537155"/>
        <Attr Name="UsedIn" Val="synthesis"/>
        <Attr Name="UsedIn" Val="implementation"/>
        <Attr Name="UsedIn" Val="simulation"/>
      </FileInfo>
    </File>
    <File Path="$PSRCDIR/sources_1/new/BRAM_square.v">
      <FileInfo>
        <Attr Name="ImportPath" Val="$PPRDIR/../../../../../../../../../../../../../../../../../../MODS/MODS.srcs/sources_1/new/BRAM_square.v"/>
        <Attr Name="ImportTime" Val="1730296085"/>
        <Attr Name="UsedIn" Val="synthesis"/>
        <Attr Name="UsedIn" Val="implementation"/>
        <Attr Name="UsedIn" Val="simulation"/>
      </FileInfo>
    </File>
    <File Path="$PSRCDIR/sources_1/imports/limko/OneDrive/Desktop/School/y2s1/ee2026/FINAL PROJECT/Matrix/Matrix.srcs/sources_1/new/Calculate_Determinant_Subtask.v">
      <FileInfo>
        <Attr Name="ImportPath" Val="$PPRDIR/../../../../../../../../../../../../../../../../../School/y2s1/ee2026/FINAL PROJECT/Matrix/Matrix.srcs/sources_1/new/Calculate_Determinant_Subtask.v"/>
        <Attr Name="ImportTime" Val="1730448161"/>
        <Attr Name="UsedIn" Val="synthesis"/>
        <Attr Name="UsedIn" Val="implementation"/>
        <Attr Name="UsedIn" Val="simulation"/>
      </FileInfo>
    </File>
    <File Path="$PSRCDIR/sources_1/imports/limko/OneDrive/Desktop/School/y2s1/ee2026/FINAL PROJECT/Matrix/Matrix.srcs/sources_1/new/Determinant_2x2.v">
      <FileInfo>
        <Attr Name="ImportPath" Val="$PPRDIR/../../../../../../../../../../../../../../../../../School/y2s1/ee2026/FINAL PROJECT/Matrix/Matrix.srcs/sources_1/new/Determinant_2x2.v"/>
        <Attr Name="ImportTime" Val="1730361288"/>
        <Attr Name="UsedIn" Val="synthesis"/>
        <Attr Name="UsedIn" Val="implementation"/>
        <Attr Name="UsedIn" Val="simulation"/>
      </FileInfo>
    </File>
    <File Path="$PSRCDIR/sources_1/imports/limko/OneDrive/Desktop/School/y2s1/ee2026/FINAL PROJECT/Matrix/Matrix.srcs/sources_1/new/Determinant_3x3.v">
      <FileInfo>
        <Attr Name="ImportPath" Val="$PPRDIR/../../../../../../../../../../../../../../../../../School/y2s1/ee2026/FINAL PROJECT/Matrix/Matrix.srcs/sources_1/new/Determinant_3x3.v"/>
        <Attr Name="ImportTime" Val="1730361288"/>
        <Attr Name="UsedIn" Val="synthesis"/>
        <Attr Name="UsedIn" Val="implementation"/>
        <Attr Name="UsedIn" Val="simulation"/>
      </FileInfo>
    </File>
    <File Path="$PSRCDIR/sources_1/imports/limko/OneDrive/Desktop/School/y2s1/ee2026/FINAL PROJECT/Matrix/Matrix.srcs/sources_1/new/Determinant_Output_Det.v">
      <FileInfo>
        <Attr Name="ImportPath" Val="$PPRDIR/../../../../../../../../../../../../../../../../../School/y2s1/ee2026/FINAL PROJECT/Matrix/Matrix.srcs/sources_1/new/Determinant_Output_Det.v"/>
        <Attr Name="ImportTime" Val="1730384790"/>
        <Attr Name="UsedIn" Val="synthesis"/>
        <Attr Name="UsedIn" Val="implementation"/>
        <Attr Name="UsedIn" Val="simulation"/>
      </FileInfo>
    </File>
    <File Path="$PSRCDIR/sources_1/imports/limko/OneDrive/Desktop/School/y2s1/ee2026/FINAL PROJECT/Matrix/Matrix.srcs/sources_1/new/Determinant_Output_Scene.v">
      <FileInfo>
        <Attr Name="ImportPath" Val="$PPRDIR/../../../../../../../../../../../../../../../../../School/y2s1/ee2026/FINAL PROJECT/Matrix/Matrix.srcs/sources_1/new/Determinant_Output_Scene.v"/>
        <Attr Name="ImportTime" Val="1730361288"/>
        <Attr Name="UsedIn" Val="synthesis"/>
        <Attr Name="UsedIn" Val="implementation"/>
        <Attr Name="UsedIn" Val="simulation"/>
      </FileInfo>
    </File>
    <File Path="$PSRCDIR/sources_1/imports/limko/OneDrive/Desktop/School/y2s1/ee2026/FINAL PROJECT/Matrix/Matrix.srcs/sources_1/new/Display_Number_5x5.v">
      <FileInfo>
        <Attr Name="ImportPath" Val="$PPRDIR/../../../../../../../../../../../../../../../../../School/y2s1/ee2026/FINAL PROJECT/Matrix/Matrix.srcs/sources_1/new/Display_Number_5x5.v"/>
        <Attr Name="ImportTime" Val="1730361288"/>
        <Attr Name="UsedIn" Val="synthesis"/>
        <Attr Name="UsedIn" Val="implementation"/>
        <Attr Name="UsedIn" Val="simulation"/>
      </FileInfo>
    </File>
    <File Path="$PSRCDIR/sources_1/imports/limko/OneDrive/Desktop/School/y2s1/ee2026/FINAL PROJECT/Matrix/Matrix.srcs/sources_1/new/Matrix_Input_Display.v">
      <FileInfo>
        <Attr Name="ImportPath" Val="$PPRDIR/../../../../../../../../../../../../../../../../../School/y2s1/ee2026/FINAL PROJECT/Matrix/Matrix.srcs/sources_1/new/Matrix_Input_Display.v"/>
        <Attr Name="ImportTime" Val="1730361289"/>
        <Attr Name="UsedIn" Val="synthesis"/>
        <Attr Name="UsedIn" Val="implementation"/>
        <Attr Name="UsedIn" Val="simulation"/>
      </FileInfo>
    </File>
    <File Path="$PSRCDIR/sources_1/imports/limko/OneDrive/Desktop/School/y2s1/ee2026/FINAL PROJECT/Matrix/Matrix.srcs/sources_1/new/Matrix_Input_Scene.v">
      <FileInfo>
        <Attr Name="ImportPath" Val="$PPRDIR/../../../../../../../../../../../../../../../../../School/y2s1/ee2026/FINAL PROJECT/Matrix/Matrix.srcs/sources_1/new/Matrix_Input_Scene.v"/>
        <Attr Name="ImportTime" Val="1730361289"/>
        <Attr Name="UsedIn" Val="synthesis"/>
        <Attr Name="UsedIn" Val="implementation"/>
        <Attr Name="UsedIn" Val="simulation"/>
      </FileInfo>
    </File>
    <File Path="$PSRCDIR/sources_1/imports/limko/OneDrive/Desktop/School/y2s1/ee2026/FINAL PROJECT/Matrix/Matrix.srcs/sources_1/new/Matrix_Input_Selector.v">
      <FileInfo>
        <Attr Name="ImportPath" Val="$PPRDIR/../../../../../../../../../../../../../../../../../School/y2s1/ee2026/FINAL PROJECT/Matrix/Matrix.srcs/sources_1/new/Matrix_Input_Selector.v"/>
        <Attr Name="ImportTime" Val="1730478028"/>
        <Attr Name="UsedIn" Val="synthesis"/>
        <Attr Name="UsedIn" Val="implementation"/>
        <Attr Name="UsedIn" Val="simulation"/>
      </FileInfo>
    </File>
    <File Path="$PSRCDIR/sources_1/imports/limko/OneDrive/Desktop/School/y2s1/ee2026/FINAL PROJECT/Matrix/Matrix.srcs/sources_1/new/Matrix_Input_Selector_Box.v">
      <FileInfo>
        <Attr Name="ImportPath" Val="$PPRDIR/../../../../../../../../../../../../../../../../../School/y2s1/ee2026/FINAL PROJECT/Matrix/Matrix.srcs/sources_1/new/Matrix_Input_Selector_Box.v"/>
        <Attr Name="ImportTime" Val="1730361289"/>
        <Attr Name="UsedIn" Val="synthesis"/>
        <Attr Name="UsedIn" Val="implementation"/>
        <Attr Name="UsedIn" Val="simulation"/>
      </FileInfo>
    </File>
    <File Path="$PSRCDIR/sources_1/imports/limko/OneDrive/Desktop/School/y2s1/ee2026/FINAL PROJECT/Matrix_det_mult_2x2_v2.xpr/Matrix/Matrix.srcs/sources_1/new/Matrix_Output_Display.v">
      <FileInfo>
        <Attr Name="ImportPath" Val="$PPRDIR/../../../../../../../../../../../../../../../../../School/y2s1/ee2026/FINAL PROJECT/Matrix_det_mult_2x2_v2.xpr/Matrix/Matrix.srcs/sources_1/new/Matrix_Output_Display.v"/>
        <Attr Name="ImportTime" Val="1730472869"/>
        <Attr Name="UsedIn" Val="synthesis"/>
        <Attr Name="UsedIn" Val="implementation"/>
        <Attr Name="UsedIn" Val="simulation"/>
      </FileInfo>
    </File>
    <File Path="$PSRCDIR/sources_1/imports/limko/OneDrive/Desktop/School/y2s1/ee2026/FINAL PROJECT/Matrix_det_mult_2x2_v2.xpr/Matrix/Matrix.srcs/sources_1/new/Matrix_Output_Scene.v">
      <FileInfo>
        <Attr Name="ImportPath" Val="$PPRDIR/../../../../../../../../../../../../../../../../../School/y2s1/ee2026/FINAL PROJECT/Matrix_det_mult_2x2_v2.xpr/Matrix/Matrix.srcs/sources_1/new/Matrix_Output_Scene.v"/>
        <Attr Name="ImportTime" Val="1730472869"/>
        <Attr Name="UsedIn" Val="synthesis"/>
        <Attr Name="UsedIn" Val="implementation"/>
        <Attr Name="UsedIn" Val="simulation"/>
      </FileInfo>
    </File>
    <File Path="$PSRCDIR/sources_1/imports/limko/OneDrive/Desktop/School/y2s1/ee2026/FINAL PROJECT/Matrix/Matrix.srcs/sources_1/new/Matrix_Output_Selector.v">
      <FileInfo>
        <Attr Name="ImportPath" Val="$PPRDIR/../../../../../../../../../../../../../../../../../School/y2s1/ee2026/FINAL PROJECT/Matrix/Matrix.srcs/sources_1/new/Matrix_Output_Selector.v"/>
        <Attr Name="ImportTime" Val="1730361289"/>
        <Attr Name="UsedIn" Val="synthesis"/>
        <Attr Name="UsedIn" Val="implementation"/>
        <Attr Name="UsedIn" Val="simulation"/>
      </FileInfo>
    </File>
    <File Path="$PSRCDIR/sources_1/imports/limko/OneDrive/Desktop/School/y2s1/ee2026/FINAL PROJECT/Matrix/Matrix.srcs/sources_1/new/Matrix_Output_Selector_Box.v">
      <FileInfo>
        <Attr Name="ImportPath" Val="$PPRDIR/../../../../../../../../../../../../../../../../../School/y2s1/ee2026/FINAL PROJECT/Matrix/Matrix.srcs/sources_1/new/Matrix_Output_Selector_Box.v"/>
        <Attr Name="ImportTime" Val="1730361289"/>
        <Attr Name="UsedIn" Val="synthesis"/>
        <Attr Name="UsedIn" Val="implementation"/>
        <Attr Name="UsedIn" Val="simulation"/>
      </FileInfo>
    </File>
    <File Path="$PSRCDIR/sources_1/imports/limko/OneDrive/Desktop/School/y2s1/ee2026/FINAL PROJECT/Matrix/Matrix.srcs/sources_1/new/Matrix_Size_Menu_Det_Scene.v">
      <FileInfo>
        <Attr Name="ImportPath" Val="$PPRDIR/../../../../../../../../../../../../../../../../../School/y2s1/ee2026/FINAL PROJECT/Matrix/Matrix.srcs/sources_1/new/Matrix_Size_Menu_Det_Scene.v"/>
        <Attr Name="ImportTime" Val="1730361289"/>
        <Attr Name="UsedIn" Val="synthesis"/>
        <Attr Name="UsedIn" Val="implementation"/>
        <Attr Name="UsedIn" Val="simulation"/>
      </FileInfo>
    </File>
    <File Path="$PSRCDIR/sources_1/imports/limko/OneDrive/Desktop/School/y2s1/ee2026/FINAL PROJECT/Matrix/Matrix.srcs/sources_1/new/Matrix_Size_Menu_Det_Selector.v">
      <FileInfo>
        <Attr Name="ImportPath" Val="$PPRDIR/../../../../../../../../../../../../../../../../../School/y2s1/ee2026/FINAL PROJECT/Matrix/Matrix.srcs/sources_1/new/Matrix_Size_Menu_Det_Selector.v"/>
        <Attr Name="ImportTime" Val="1730477987"/>
        <Attr Name="UsedIn" Val="synthesis"/>
        <Attr Name="UsedIn" Val="implementation"/>
        <Attr Name="UsedIn" Val="simulation"/>
      </FileInfo>
    </File>
    <File Path="$PSRCDIR/sources_1/imports/limko/OneDrive/Desktop/School/y2s1/ee2026/FINAL PROJECT/Matrix_det_mult_2x2_v2.xpr/Matrix/Matrix.srcs/sources_1/new/Matrix_Size_Menu_Multiply_Scene.v">
      <FileInfo>
        <Attr Name="ImportPath" Val="$PPRDIR/../../../../../../../../../../../../../../../../../School/y2s1/ee2026/FINAL PROJECT/Matrix_det_mult_2x2_v2.xpr/Matrix/Matrix.srcs/sources_1/new/Matrix_Size_Menu_Multiply_Scene.v"/>
        <Attr Name="ImportTime" Val="1730478753"/>
        <Attr Name="UsedIn" Val="synthesis"/>
        <Attr Name="UsedIn" Val="implementation"/>
        <Attr Name="UsedIn" Val="simulation"/>
      </FileInfo>
    </File>
    <File Path="$PSRCDIR/sources_1/imports/limko/OneDrive/Desktop/School/y2s1/ee2026/FINAL PROJECT/Matrix/Matrix.srcs/sources_1/new/Matrix_Size_Menu_Selector_Box.v">
      <FileInfo>
        <Attr Name="ImportPath" Val="$PPRDIR/../../../../../../../../../../../../../../../../../School/y2s1/ee2026/FINAL PROJECT/Matrix/Matrix.srcs/sources_1/new/Matrix_Size_Menu_Selector_Box.v"/>
        <Attr Name="ImportTime" Val="1730361289"/>
        <Attr Name="UsedIn" Val="synthesis"/>
        <Attr Name="UsedIn" Val="implementation"/>
        <Attr Name="UsedIn" Val="simulation"/>
      </FileInfo>
    </File>
    <File Path="$PSRCDIR/sources_1/imports/limko/OneDrive/Desktop/School/y2s1/ee2026/FINAL PROJECT/Matrix_det_mult_2x2_v2.xpr/Matrix/Matrix.srcs/sources_1/new/Multiplication_2x2_2x2.v">
      <FileInfo>
        <Attr Name="ImportPath" Val="$PPRDIR/../../../../../../../../../../../../../../../../../School/y2s1/ee2026/FINAL PROJECT/Matrix_det_mult_2x2_v2.xpr/Matrix/Matrix.srcs/sources_1/new/Multiplication_2x2_2x2.v"/>
        <Attr Name="ImportTime" Val="1730472870"/>
        <Attr Name="UsedIn" Val="synthesis"/>
        <Attr Name="UsedIn" Val="implementation"/>
        <Attr Name="UsedIn" Val="simulation"/>
      </FileInfo>
    </File>
    <File Path="$PSRCDIR/sources_1/imports/limko/OneDrive/Desktop/School/y2s1/ee2026/FINAL PROJECT/Matrix_det_mult_2x2_v2.xpr/Matrix/Matrix.srcs/sources_1/new/Multiply_Matrix_Subtask.v">
      <FileInfo>
        <Attr Name="ImportPath" Val="$PPRDIR/../../../../../../../../../../../../../../../../../School/y2s1/ee2026/FINAL PROJECT/Matrix_det_mult_2x2_v2.xpr/Matrix/Matrix.srcs/sources_1/new/Multiply_Matrix_Subtask.v"/>
        <Attr Name="ImportTime" Val="1730472870"/>
        <Attr Name="UsedIn" Val="synthesis"/>
        <Attr Name="UsedIn" Val="implementation"/>
        <Attr Name="UsedIn" Val="simulation"/>
      </FileInfo>
    </File>
    <File Path="$PSRCDIR/sources_1/imports/limko/OneDrive/Desktop/School/y2s1/ee2026/FINAL PROJECT/Matrix/Matrix.srcs/sources_1/new/Numpad_Right_Num.v">
      <FileInfo>
        <Attr Name="ImportPath" Val="$PPRDIR/../../../../../../../../../../../../../../../../../School/y2s1/ee2026/FINAL PROJECT/Matrix/Matrix.srcs/sources_1/new/Numpad_Right_Num.v"/>
        <Attr Name="ImportTime" Val="1730361290"/>
        <Attr Name="UsedIn" Val="synthesis"/>
        <Attr Name="UsedIn" Val="implementation"/>
        <Attr Name="UsedIn" Val="simulation"/>
      </FileInfo>
    </File>
    <File Path="$PSRCDIR/sources_1/imports/limko/OneDrive/Desktop/School/y2s1/ee2026/FINAL PROJECT/Matrix/Matrix.srcs/sources_1/new/Numpad_Scene.v">
      <FileInfo>
        <Attr Name="ImportPath" Val="$PPRDIR/../../../../../../../../../../../../../../../../../School/y2s1/ee2026/FINAL PROJECT/Matrix/Matrix.srcs/sources_1/new/Numpad_Scene.v"/>
        <Attr Name="ImportTime" Val="1730361290"/>
        <Attr Name="UsedIn" Val="synthesis"/>
        <Attr Name="UsedIn" Val="implementation"/>
        <Attr Name="UsedIn" Val="simulation"/>
      </FileInfo>
    </File>
    <File Path="$PSRCDIR/sources_1/imports/limko/OneDrive/Desktop/School/y2s1/ee2026/FINAL PROJECT/Matrix/Matrix.srcs/sources_1/new/Numpad_Selector.v">
      <FileInfo>
        <Attr Name="ImportPath" Val="$PPRDIR/../../../../../../../../../../../../../../../../../School/y2s1/ee2026/FINAL PROJECT/Matrix/Matrix.srcs/sources_1/new/Numpad_Selector.v"/>
        <Attr Name="ImportTime" Val="1730361290"/>
        <Attr Name="UsedIn" Val="synthesis"/>
        <Attr Name="UsedIn" Val="implementation"/>
        <Attr Name="UsedIn" Val="simulation"/>
      </FileInfo>
    </File>
    <File Path="$PSRCDIR/sources_1/imports/limko/OneDrive/Desktop/School/y2s1/ee2026/FINAL PROJECT/Matrix/Matrix.srcs/sources_1/new/Numpad_Selector_Box.v">
      <FileInfo>
        <Attr Name="ImportPath" Val="$PPRDIR/../../../../../../../../../../../../../../../../../School/y2s1/ee2026/FINAL PROJECT/Matrix/Matrix.srcs/sources_1/new/Numpad_Selector_Box.v"/>
        <Attr Name="ImportTime" Val="1730361290"/>
        <Attr Name="UsedIn" Val="synthesis"/>
        <Attr Name="UsedIn" Val="implementation"/>
        <Attr Name="UsedIn" Val="simulation"/>
      </FileInfo>
    </File>
    <File Path="$PSRCDIR/sources_1/imports/Desktop/Oled_Display.v">
      <FileInfo>
        <Attr Name="ImportPath" Val="$PPRDIR/../../../../../../../../../../../../../../../../../../../../../../../../MODS.srcs/sources_1/imports/Desktop/Oled_Display.v"/>
        <Attr Name="ImportTime" Val="1677398246"/>
        <Attr Name="UsedIn" Val="synthesis"/>
        <Attr Name="UsedIn" Val="implementation"/>
        <Attr Name="UsedIn" Val="simulation"/>
      </FileInfo>
    </File>
    <File Path="$PSRCDIR/sources_1/imports/limko/OneDrive/Desktop/School/y2s1/ee2026/FINAL PROJECT/Matrix/Matrix.srcs/sources_1/new/Parse_Digits_Det.v">
      <FileInfo>
        <Attr Name="ImportPath" Val="$PPRDIR/../../../../../../../../../../../../../../../../../School/y2s1/ee2026/FINAL PROJECT/Matrix/Matrix.srcs/sources_1/new/Parse_Digits_Det.v"/>
        <Attr Name="ImportTime" Val="1730361290"/>
        <Attr Name="UsedIn" Val="synthesis"/>
        <Attr Name="UsedIn" Val="implementation"/>
        <Attr Name="UsedIn" Val="simulation"/>
      </FileInfo>
    </File>
    <File Path="$PSRCDIR/sources_1/imports/limko/OneDrive/Desktop/School/y2s1/ee2026/FINAL PROJECT/Matrix/Matrix.srcs/sources_1/new/Pixel_Index_To_Coordinate.v">
      <FileInfo>
        <Attr Name="ImportPath" Val="$PPRDIR/../../../../../../../../../../../../../../../../../School/y2s1/ee2026/FINAL PROJECT/Matrix/Matrix.srcs/sources_1/new/Pixel_Index_To_Coordinate.v"/>
        <Attr Name="ImportTime" Val="1730361290"/>
        <Attr Name="UsedIn" Val="synthesis"/>
        <Attr Name="UsedIn" Val="implementation"/>
        <Attr Name="UsedIn" Val="simulation"/>
      </FileInfo>
    </File>
    <File Path="$PSRCDIR/sources_1/imports/limko/OneDrive/Desktop/School/y2s1/ee2026/FINAL PROJECT/Matrix_det_mult_2x2_v2.xpr/Matrix/Matrix.srcs/sources_1/new/Process_Result.v">
      <FileInfo>
        <Attr Name="ImportPath" Val="$PPRDIR/../../../../../../../../../../../../../../../../../School/y2s1/ee2026/FINAL PROJECT/Matrix_det_mult_2x2_v2.xpr/Matrix/Matrix.srcs/sources_1/new/Process_Result.v"/>
        <Attr Name="ImportTime" Val="1730475383"/>
        <Attr Name="UsedIn" Val="synthesis"/>
        <Attr Name="UsedIn" Val="implementation"/>
        <Attr Name="UsedIn" Val="simulation"/>
      </FileInfo>
    </File>
    <File Path="$PSRCDIR/sources_1/imports/limko/OneDrive/Desktop/School/y2s1/ee2026/FINAL PROJECT/Matrix/Matrix.srcs/sources_1/new/Trigger_Counter.v">
      <FileInfo>
        <Attr Name="ImportPath" Val="$PPRDIR/../../../../../../../../../../../../../../../../../School/y2s1/ee2026/FINAL PROJECT/Matrix/Matrix.srcs/sources_1/new/Trigger_Counter.v"/>
        <Attr Name="ImportTime" Val="1730361290"/>
        <Attr Name="UsedIn" Val="synthesis"/>
        <Attr Name="UsedIn" Val="implementation"/>
        <Attr Name="UsedIn" Val="simulation"/>
      </FileInfo>
    </File>
    <File Path="$PSRCDIR/sources_1/imports/limko/OneDrive/Desktop/School/y2s1/ee2026/FINAL PROJECT/Project_2/Project_2.srcs/sources_1/new/answer_logic.v">
      <FileInfo>
        <Attr Name="ImportPath" Val="$PPRDIR/../../../../../../../../../../../../../../../../../School/y2s1/ee2026/FINAL PROJECT/Project_2/Project_2.srcs/sources_1/new/answer_logic.v"/>
        <Attr Name="ImportTime" Val="1730384900"/>
        <Attr Name="UsedIn" Val="synthesis"/>
        <Attr Name="UsedIn" Val="implementation"/>
        <Attr Name="UsedIn" Val="simulation"/>
      </FileInfo>
    </File>
    <File Path="$PSRCDIR/sources_1/new/basic_mat_anno.v">
      <FileInfo>
        <Attr Name="ImportPath" Val="$PPRDIR/../../../../../../../../../../../../../../../../../../MODS/MODS.srcs/sources_1/new/basic_mat_anno.v"/>
        <Attr Name="ImportTime" Val="1730220469"/>
        <Attr Name="UsedIn" Val="synthesis"/>
        <Attr Name="UsedIn" Val="implementation"/>
        <Attr Name="UsedIn" Val="simulation"/>
      </FileInfo>
    </File>
    <File Path="$PSRCDIR/sources_1/new/basics_matrix_page.v">
      <FileInfo>
        <Attr Name="ImportPath" Val="$PPRDIR/../../../../../../../../../../../../../../../../../../MODS/MODS.srcs/sources_1/new/basics_matrix_page.v"/>
        <Attr Name="ImportTime" Val="1730383204"/>
        <Attr Name="UsedIn" Val="synthesis"/>
        <Attr Name="UsedIn" Val="implementation"/>
        <Attr Name="UsedIn" Val="simulation"/>
      </FileInfo>
    </File>
    <File Path="$PSRCDIR/sources_1/imports/limko/OneDrive/Desktop/School/y2s1/ee2026/FINAL PROJECT/Project_2/Project_2.srcs/sources_1/new/button_letter_display.v">
      <FileInfo>
        <Attr Name="ImportPath" Val="$PPRDIR/../../../../../../../../../../../../../../../../../School/y2s1/ee2026/FINAL PROJECT/Project_2/Project_2.srcs/sources_1/new/button_letter_display.v"/>
        <Attr Name="ImportTime" Val="1730367915"/>
        <Attr Name="UsedIn" Val="synthesis"/>
        <Attr Name="UsedIn" Val="implementation"/>
        <Attr Name="UsedIn" Val="simulation"/>
      </FileInfo>
    </File>
    <File Path="$PSRCDIR/sources_1/imports/limko/OneDrive/Desktop/School/y2s1/ee2026/FINAL PROJECT/Project_2/Project_2.srcs/sources_1/new/button_word_display.v">
      <FileInfo>
        <Attr Name="ImportPath" Val="$PPRDIR/../../../../../../../../../../../../../../../../../School/y2s1/ee2026/FINAL PROJECT/Project_2/Project_2.srcs/sources_1/new/button_word_display.v"/>
        <Attr Name="ImportTime" Val="1730367915"/>
        <Attr Name="UsedIn" Val="synthesis"/>
        <Attr Name="UsedIn" Val="implementation"/>
        <Attr Name="UsedIn" Val="simulation"/>
      </FileInfo>
    </File>
    <File Path="$PSRCDIR/sources_1/imports/limko/OneDrive/Desktop/School/y2s1/ee2026/FINAL PROJECT/Project_2/Project_2.srcs/sources_1/new/buttons_display.v">
      <FileInfo>
        <Attr Name="ImportPath" Val="$PPRDIR/../../../../../../../../../../../../../../../../../School/y2s1/ee2026/FINAL PROJECT/Project_2/Project_2.srcs/sources_1/new/buttons_display.v"/>
        <Attr Name="ImportTime" Val="1730367915"/>
        <Attr Name="UsedIn" Val="synthesis"/>
        <Attr Name="UsedIn" Val="implementation"/>
        <Attr Name="UsedIn" Val="simulation"/>
      </FileInfo>
    </File>
    <File Path="$PSRCDIR/sources_1/new/flexi_clock.v">
      <FileInfo>
        <Attr Name="ImportPath" Val="$PPRDIR/../../../../../../../../../../../../../../../../../../MODS/MODS.srcs/sources_1/new/flexi_clock.v"/>
        <Attr Name="ImportTime" Val="1728700823"/>
        <Attr Name="UsedIn" Val="synthesis"/>
        <Attr Name="UsedIn" Val="implementation"/>
        <Attr Name="UsedIn" Val="simulation"/>
      </FileInfo>
    </File>
    <File Path="$PSRCDIR/sources_1/imports/limko/OneDrive/Desktop/School/y2s1/ee2026/FINAL PROJECT/Project_2/Project_2.srcs/sources_1/new/header_display.v">
      <FileInfo>
        <Attr Name="ImportPath" Val="$PPRDIR/../../../../../../../../../../../../../../../../../School/y2s1/ee2026/FINAL PROJECT/Project_2/Project_2.srcs/sources_1/new/header_display.v"/>
        <Attr Name="ImportTime" Val="1730367915"/>
        <Attr Name="UsedIn" Val="synthesis"/>
        <Attr Name="UsedIn" Val="implementation"/>
        <Attr Name="UsedIn" Val="simulation"/>
      </FileInfo>
    </File>
    <File Path="$PSRCDIR/sources_1/new/identity_matrix_page.v">
      <FileInfo>
        <Attr Name="ImportPath" Val="$PPRDIR/../../../../../../../../../../../../../../../../../../MODS/MODS.srcs/sources_1/new/identity_matrix_page.v"/>
        <Attr Name="ImportTime" Val="1730383042"/>
        <Attr Name="UsedIn" Val="synthesis"/>
        <Attr Name="UsedIn" Val="implementation"/>
        <Attr Name="UsedIn" Val="simulation"/>
      </FileInfo>
    </File>
    <File Path="$PSRCDIR/sources_1/imports/limko/OneDrive/Desktop/School/y2s1/ee2026/FINAL PROJECT/Project_2/Project_2.srcs/sources_1/imports/index_to_xy.v">
      <FileInfo>
        <Attr Name="ImportPath" Val="$PPRDIR/../../../../../../../../../../../../../../../../../School/y2s1/ee2026/FINAL PROJECT/Project_2/Project_2.srcs/sources_1/imports/index_to_xy.v"/>
        <Attr Name="ImportTime" Val="1730367915"/>
        <Attr Name="UsedIn" Val="synthesis"/>
        <Attr Name="UsedIn" Val="implementation"/>
        <Attr Name="UsedIn" Val="simulation"/>
      </FileInfo>
    </File>
    <File Path="$PSRCDIR/sources_1/new/input_matrix_disp.v">
      <FileInfo>
        <Attr Name="ImportPath" Val="$PPRDIR/../../../../../../../../../../../../../../../../../../MODS/MODS.srcs/sources_1/new/input_matrix_disp.v"/>
        <Attr Name="ImportTime" Val="1730383219"/>
        <Attr Name="UsedIn" Val="synthesis"/>
        <Attr Name="UsedIn" Val="implementation"/>
        <Attr Name="UsedIn" Val="simulation"/>
      </FileInfo>
    </File>
    <File Path="$PSRCDIR/sources_1/imports/limko/OneDrive/Desktop/School/y2s1/ee2026/FINAL PROJECT/Project_2/Project_2.srcs/sources_1/new/judgement_display.v">
      <FileInfo>
        <Attr Name="ImportPath" Val="$PPRDIR/../../../../../../../../../../../../../../../../../School/y2s1/ee2026/FINAL PROJECT/Project_2/Project_2.srcs/sources_1/new/judgement_display.v"/>
        <Attr Name="ImportTime" Val="1730367915"/>
        <Attr Name="UsedIn" Val="synthesis"/>
        <Attr Name="UsedIn" Val="implementation"/>
        <Attr Name="UsedIn" Val="simulation"/>
      </FileInfo>
    </File>
    <File Path="$PSRCDIR/sources_1/imports/limko/OneDrive/Desktop/School/y2s1/ee2026/FINAL PROJECT/Project_2/Project_2.srcs/sources_1/new/letter_display.v">
      <FileInfo>
        <Attr Name="ImportPath" Val="$PPRDIR/../../../../../../../../../../../../../../../../../School/y2s1/ee2026/FINAL PROJECT/Project_2/Project_2.srcs/sources_1/new/letter_display.v"/>
        <Attr Name="ImportTime" Val="1730367915"/>
        <Attr Name="UsedIn" Val="synthesis"/>
        <Attr Name="UsedIn" Val="implementation"/>
        <Attr Name="UsedIn" Val="simulation"/>
      </FileInfo>
    </File>
    <File Path="$PSRCDIR/sources_1/new/main_menu.v">
      <FileInfo>
        <Attr Name="ImportPath" Val="$PPRDIR/../../../../../../../../../../../../../../../../../../MODS/MODS.srcs/sources_1/new/main_menu.v"/>
        <Attr Name="ImportTime" Val="1730340762"/>
        <Attr Name="UsedIn" Val="synthesis"/>
        <Attr Name="UsedIn" Val="implementation"/>
        <Attr Name="UsedIn" Val="simulation"/>
      </FileInfo>
    </File>
    <File Path="$PSRCDIR/sources_1/new/matrix_bracket.v">
      <FileInfo>
        <Attr Name="ImportPath" Val="$PPRDIR/../../../../../../../../../../../../../../../../../../MODS/MODS.srcs/sources_1/new/matrix_bracket.v"/>
        <Attr Name="ImportTime" Val="1730185877"/>
        <Attr Name="UsedIn" Val="synthesis"/>
        <Attr Name="UsedIn" Val="implementation"/>
        <Attr Name="UsedIn" Val="simulation"/>
      </FileInfo>
    </File>
    <File Path="$PSRCDIR/sources_1/new/matrix_rain.v">
      <FileInfo>
        <Attr Name="ImportPath" Val="$PPRDIR/../../../../../../../../../../../../../../../../../../MODS/MODS.srcs/sources_1/new/matrix_rain.v"/>
        <Attr Name="ImportTime" Val="1730185709"/>
        <Attr Name="UsedIn" Val="synthesis"/>
        <Attr Name="UsedIn" Val="implementation"/>
        <Attr Name="UsedIn" Val="simulation"/>
      </FileInfo>
    </File>
    <File Path="$PSRCDIR/sources_1/imports/limko/OneDrive/Desktop/School/y2s1/ee2026/FINAL PROJECT/Project_2/Project_2.srcs/sources_1/new/oled_driver.v">
      <FileInfo>
        <Attr Name="ImportPath" Val="$PPRDIR/../../../../../../../../../../../../../../../../../School/y2s1/ee2026/FINAL PROJECT/Project_2/Project_2.srcs/sources_1/new/oled_driver.v"/>
        <Attr Name="ImportTime" Val="1730381235"/>
        <Attr Name="UsedIn" Val="synthesis"/>
        <Attr Name="UsedIn" Val="implementation"/>
        <Attr Name="UsedIn" Val="simulation"/>
      </FileInfo>
    </File>
    <File Path="$PSRCDIR/sources_1/new/pill_scene.v">
      <FileInfo>
        <Attr Name="ImportPath" Val="$PPRDIR/../../../../../../../../../../../../../../../../../../MODS/MODS.srcs/sources_1/new/pill_scene.v"/>
        <Attr Name="ImportTime" Val="1730477621"/>
        <Attr Name="UsedIn" Val="synthesis"/>
        <Attr Name="UsedIn" Val="implementation"/>
        <Attr Name="UsedIn" Val="simulation"/>
      </FileInfo>
    </File>
    <File Path="$PSRCDIR/sources_1/new/pill_selector.v">
      <FileInfo>
        <Attr Name="ImportPath" Val="$PPRDIR/../../../../../../../../../../../../../../../../../../MODS/MODS.srcs/sources_1/new/pill_selector.v"/>
        <Attr Name="ImportTime" Val="1730476668"/>
        <Attr Name="UsedIn" Val="synthesis"/>
        <Attr Name="UsedIn" Val="implementation"/>
        <Attr Name="UsedIn" Val="simulation"/>
      </FileInfo>
    </File>
    <File Path="$PSRCDIR/sources_1/imports/limko/OneDrive/Desktop/School/y2s1/ee2026/FINAL PROJECT/Project_2/Project_2.srcs/sources_1/new/quiz.v">
      <FileInfo>
        <Attr Name="ImportPath" Val="$PPRDIR/../../../../../../../../../../../../../../../../../School/y2s1/ee2026/FINAL PROJECT/Project_2/Project_2.srcs/sources_1/new/quiz.v"/>
        <Attr Name="ImportTime" Val="1730367915"/>
        <Attr Name="UsedIn" Val="synthesis"/>
        <Attr Name="UsedIn" Val="implementation"/>
        <Attr Name="UsedIn" Val="simulation"/>
      </FileInfo>
    </File>
    <File Path="$PSRCDIR/sources_1/imports/limko/OneDrive/Desktop/School/y2s1/ee2026/FINAL PROJECT/Project_2/Project_2.srcs/sources_1/new/results_display.v">
      <FileInfo>
        <Attr Name="ImportPath" Val="$PPRDIR/../../../../../../../../../../../../../../../../../School/y2s1/ee2026/FINAL PROJECT/Project_2/Project_2.srcs/sources_1/new/results_display.v"/>
        <Attr Name="ImportTime" Val="1730367915"/>
        <Attr Name="UsedIn" Val="synthesis"/>
        <Attr Name="UsedIn" Val="implementation"/>
        <Attr Name="UsedIn" Val="simulation"/>
      </FileInfo>
    </File>
    <File Path="$PSRCDIR/sources_1/new/selector_arrow.v">
      <FileInfo>
        <Attr Name="ImportPath" Val="$PPRDIR/../../../../../../../../../../../../../../../../../../MODS/MODS.srcs/sources_1/new/selector_arrow.v"/>
        <Attr Name="ImportTime" Val="1730185753"/>
        <Attr Name="UsedIn" Val="synthesis"/>
        <Attr Name="UsedIn" Val="implementation"/>
        <Attr Name="UsedIn" Val="simulation"/>
      </FileInfo>
    </File>
    <File Path="$PSRCDIR/sources_1/imports/limko/OneDrive/Desktop/School/y2s1/ee2026/FINAL PROJECT/Project_2/Project_2.srcs/sources_1/new/sentence_display.v">
      <FileInfo>
        <Attr Name="ImportPath" Val="$PPRDIR/../../../../../../../../../../../../../../../../../School/y2s1/ee2026/FINAL PROJECT/Project_2/Project_2.srcs/sources_1/new/sentence_display.v"/>
        <Attr Name="ImportTime" Val="1730367915"/>
        <Attr Name="UsedIn" Val="synthesis"/>
        <Attr Name="UsedIn" Val="implementation"/>
        <Attr Name="UsedIn" Val="simulation"/>
      </FileInfo>
    </File>
    <File Path="$PSRCDIR/sources_1/imports/limko/Downloads/Project_part2_ben.xpr/Project_2/Project_2.srcs/sources_1/new/signed_dig_disp.v">
      <FileInfo>
        <Attr Name="ImportPath" Val="$PPRDIR/../../../../../../../../../../../../../../../../../../Project_part2_ben.xpr/Project_2/Project_2.srcs/sources_1/new/signed_dig_disp.v"/>
        <Attr Name="ImportTime" Val="1730477306"/>
        <Attr Name="UsedIn" Val="synthesis"/>
        <Attr Name="UsedIn" Val="implementation"/>
        <Attr Name="UsedIn" Val="simulation"/>
      </FileInfo>
    </File>
    <File Path="$PSRCDIR/sources_1/new/sp_matrix_main.v">
      <FileInfo>
        <Attr Name="ImportPath" Val="$PPRDIR/../../../../../../../../../../../../../../../../../../MODS/MODS.srcs/sources_1/new/sp_matrix_main.v"/>
        <Attr Name="ImportTime" Val="1730382944"/>
        <Attr Name="UsedIn" Val="synthesis"/>
        <Attr Name="UsedIn" Val="implementation"/>
        <Attr Name="UsedIn" Val="simulation"/>
      </FileInfo>
    </File>
    <File Path="$PSRCDIR/sources_1/new/sq_matrix_page.v">
      <FileInfo>
        <Attr Name="ImportPath" Val="$PPRDIR/../../../../../../../../../../../../../../../../../../MODS/MODS.srcs/sources_1/new/sq_matrix_page.v"/>
        <Attr Name="ImportTime" Val="1730391713"/>
        <Attr Name="UsedIn" Val="synthesis"/>
        <Attr Name="UsedIn" Val="implementation"/>
        <Attr Name="UsedIn" Val="simulation"/>
      </FileInfo>
    </File>
    <File Path="$PSRCDIR/sources_1/new/state_update_LR.v">
      <FileInfo>
        <Attr Name="ImportPath" Val="$PPRDIR/../../../../../../../../../../../../../../../../../../MODS/MODS.srcs/sources_1/new/state_update_LR.v"/>
        <Attr Name="ImportTime" Val="1729442544"/>
        <Attr Name="UsedIn" Val="synthesis"/>
        <Attr Name="UsedIn" Val="implementation"/>
        <Attr Name="UsedIn" Val="simulation"/>
      </FileInfo>
    </File>
    <File Path="$PSRCDIR/sources_1/new/switch_debouncing.v">
      <FileInfo>
        <Attr Name="ImportPath" Val="$PPRDIR/../../../../../../../../../../../../../../../../MODS.srcs/sources_1/new/switch_debouncing.v"/>
        <Attr Name="ImportTime" Val="1730518195"/>
        <Attr Name="UsedIn" Val="synthesis"/>
        <Attr Name="UsedIn" Val="implementation"/>
        <Attr Name="UsedIn" Val="simulation"/>
      </FileInfo>
    </File>
    <File Path="$PSRCDIR/sources_1/imports/limko/OneDrive/Desktop/School/y2s1/ee2026/FINAL PROJECT/Project_2/Project_2.srcs/sources_1/new/text_scroll.v">
      <FileInfo>
        <Attr Name="ImportPath" Val="$PPRDIR/../../../../../../../../../../../../../../../../../School/y2s1/ee2026/FINAL PROJECT/Project_2/Project_2.srcs/sources_1/new/text_scroll.v"/>
        <Attr Name="ImportTime" Val="1730367915"/>
        <Attr Name="UsedIn" Val="synthesis"/>
        <Attr Name="UsedIn" Val="implementation"/>
        <Attr Name="UsedIn" Val="simulation"/>
      </FileInfo>
    </File>
    <File Path="$PSRCDIR/sources_1/imports/limko/OneDrive/Desktop/School/y2s1/ee2026/FINAL PROJECT/Project_2/Project_2.srcs/sources_1/new/timer.v">
      <FileInfo>
        <Attr Name="ImportPath" Val="$PPRDIR/../../../../../../../../../../../../../../../../../School/y2s1/ee2026/FINAL PROJECT/Project_2/Project_2.srcs/sources_1/new/timer.v"/>
        <Attr Name="ImportTime" Val="1730367915"/>
        <Attr Name="UsedIn" Val="synthesis"/>
        <Attr Name="UsedIn" Val="implementation"/>
        <Attr Name="UsedIn" Val="simulation"/>
      </FileInfo>
    </File>
    <File Path="$PSRCDIR/sources_1/imports/limko/OneDrive/Desktop/School/y2s1/ee2026/FINAL PROJECT/Project_2/Project_2.srcs/sources_1/new/unique_prng.v">
      <FileInfo>
        <Attr Name="ImportPath" Val="$PPRDIR/../../../../../../../../../../../../../../../../../School/y2s1/ee2026/FINAL PROJECT/Project_2/Project_2.srcs/sources_1/new/unique_prng.v"/>
        <Attr Name="ImportTime" Val="1730367915"/>
        <Attr Name="UsedIn" Val="synthesis"/>
        <Attr Name="UsedIn" Val="implementation"/>
        <Attr Name="UsedIn" Val="simulation"/>
      </FileInfo>
    </File>
    <File Path="$PSRCDIR/sources_1/new/Top_Student.v">
      <FileInfo>
        <Attr Name="ImportPath" Val="$PPRDIR/../../../../../../../../../../../../../../../../../../../../../../../../../../../../SoundDisplay.srcs/sources_1/new/Top_Student.v"/>
        <Attr Name="ImportTime" Val="1570395690"/>
        <Attr Name="UsedIn" Val="synthesis"/>
        <Attr Name="UsedIn" Val="implementation"/>
        <Attr Name="UsedIn" Val="simulation"/>
      </FileInfo>
    </File>
    <File Path="$PSRCDIR/sources_1/new/Top_Test.v">
      <FileInfo>
        <Attr Name="AutoDisabled" Val="1"/>
        <Attr Name="ImportPath" Val="$PPRDIR/../../../../../../../../../../../../../../../../../../MODS/MODS.srcs/sources_1/new/Top_Test.v"/>
        <Attr Name="ImportTime" Val="1730438356"/>
        <Attr Name="UsedIn" Val="synthesis"/>
        <Attr Name="UsedIn" Val="implementation"/>
        <Attr Name="UsedIn" Val="simulation"/>
      </FileInfo>
    </File>
    <File Path="$PSRCDIR/sources_1/new/led_control.v">
      <FileInfo>
        <Attr Name="AutoDisabled" Val="1"/>
        <Attr Name="ImportPath" Val="$PPRDIR/../../../../../../../../../../../../../../../../../../MODS/MODS.srcs/sources_1/new/led_control.v"/>
        <Attr Name="ImportTime" Val="1728439252"/>
        <Attr Name="UsedIn" Val="synthesis"/>
        <Attr Name="UsedIn" Val="implementation"/>
        <Attr Name="UsedIn" Val="simulation"/>
      </FileInfo>
    </File>
    <File Path="$PSRCDIR/sources_1/imports/MouseAudioDisplay/archive_project_summary.txt">
      <FileInfo>
        <Attr Name="ImportPath" Val="$PPRDIR/../../../../../../../../../../../../../../../../../../../../../../../../../MouseAudioDisplay/archive_project_summary.txt"/>
        <Attr Name="ImportTime" Val="1677398648"/>
      </FileInfo>
    </File>
    <File Path="$PSRCDIR/sources_1/imports/limko/Downloads/MODS/archive_project_summary.txt">
      <FileInfo>
        <Attr Name="ImportPath" Val="$PPRDIR/../../../../../../../../../../../../../../../../../../MODS/archive_project_summary.txt"/>
        <Attr Name="ImportTime" Val="1728438478"/>
      </FileInfo>
    </File>
    <File Path="$PSRCDIR/sources_1/imports/limko/OneDrive/Desktop/School/y2s1/ee2026/FINAL PROJECT/diagonal_page.mem">
      <FileInfo>
        <Attr Name="ImportPath" Val="$PPRDIR/../../../../../../../../../../../../../../../../../School/y2s1/ee2026/FINAL PROJECT/diagonal_page.mem"/>
        <Attr Name="ImportTime" Val="1730394323"/>
        <Attr Name="UsedIn" Val="synthesis"/>
        <Attr Name="UsedIn" Val="simulation"/>
      </FileInfo>
    </File>
    <File Path="$PSRCDIR/sources_1/imports/limko/OneDrive/Desktop/School/y2s1/ee2026/FINAL PROJECT/square_page.mem">
      <FileInfo>
        <Attr Name="ImportPath" Val="$PPRDIR/../../../../../../../../../../../../../../../../../School/y2s1/ee2026/FINAL PROJECT/square_page.mem"/>
        <Attr Name="ImportTime" Val="1730394323"/>
        <Attr Name="UsedIn" Val="synthesis"/>
        <Attr Name="UsedIn" Val="simulation"/>
      </FileInfo>
    </File>
    <File Path="$PSRCDIR/sources_1/imports/limko/OneDrive/Desktop/School/y2s1/ee2026/FINAL PROJECT/basics_page.mem">
      <FileInfo>
        <Attr Name="ImportPath" Val="$PPRDIR/../../../../../../../../../../../../../../../../../School/y2s1/ee2026/FINAL PROJECT/basics_page.mem"/>
        <Attr Name="ImportTime" Val="1730394323"/>
        <Attr Name="UsedIn" Val="synthesis"/>
        <Attr Name="UsedIn" Val="simulation"/>
      </FileInfo>
    </File>
    <File Path="$PSRCDIR/sources_1/imports/limko/OneDrive/Desktop/School/y2s1/ee2026/FINAL PROJECT/menu_base.mem">
      <FileInfo>
        <Attr Name="ImportPath" Val="$PPRDIR/../../../../../../../../../../../../../../../../../School/y2s1/ee2026/FINAL PROJECT/menu_base.mem"/>
        <Attr Name="ImportTime" Val="1729937043"/>
        <Attr Name="UsedIn" Val="synthesis"/>
        <Attr Name="UsedIn" Val="simulation"/>
      </FileInfo>
    </File>
    <File Path="$PSRCDIR/sources_1/imports/limko/OneDrive/Desktop/School/y2s1/ee2026/FINAL PROJECT/diag_anno.mem">
      <FileInfo>
        <Attr Name="ImportPath" Val="$PPRDIR/../../../../../../../../../../../../../../../../../School/y2s1/ee2026/FINAL PROJECT/diag_anno.mem"/>
        <Attr Name="ImportTime" Val="1730394323"/>
        <Attr Name="UsedIn" Val="synthesis"/>
        <Attr Name="UsedIn" Val="simulation"/>
      </FileInfo>
    </File>
    <File Path="$PSRCDIR/sources_1/imports/limko/OneDrive/Desktop/School/y2s1/ee2026/FINAL PROJECT/basic_anno.mem">
      <FileInfo>
        <Attr Name="ImportPath" Val="$PPRDIR/../../../../../../../../../../../../../../../../../School/y2s1/ee2026/FINAL PROJECT/basic_anno.mem"/>
        <Attr Name="ImportTime" Val="1730391132"/>
        <Attr Name="UsedIn" Val="synthesis"/>
        <Attr Name="UsedIn" Val="simulation"/>
      </FileInfo>
    </File>
    <File Path="$PSRCDIR/sources_1/imports/limko/OneDrive/Desktop/School/y2s1/ee2026/FINAL PROJECT/iden_anno.mem">
      <FileInfo>
        <Attr Name="ImportPath" Val="$PPRDIR/../../../../../../../../../../../../../../../../../School/y2s1/ee2026/FINAL PROJECT/iden_anno.mem"/>
        <Attr Name="ImportTime" Val="1730394323"/>
        <Attr Name="UsedIn" Val="synthesis"/>
        <Attr Name="UsedIn" Val="simulation"/>
      </FileInfo>
    </File>
    <File Path="$PSRCDIR/sources_1/imports/limko/OneDrive/Desktop/School/y2s1/ee2026/FINAL PROJECT/scalar_anno.mem">
      <FileInfo>
        <Attr Name="ImportPath" Val="$PPRDIR/../../../../../../../../../../../../../../../../../School/y2s1/ee2026/FINAL PROJECT/scalar_anno.mem"/>
        <Attr Name="ImportTime" Val="1730394323"/>
        <Attr Name="UsedIn" Val="synthesis"/>
        <Attr Name="UsedIn" Val="simulation"/>
      </FileInfo>
    </File>
    <File Path="$PSRCDIR/sources_1/imports/limko/OneDrive/Desktop/School/y2s1/ee2026/FINAL PROJECT/Matrix/Matrix.srcs/sources_1/new/Determinant_Output_Background.mem">
      <FileInfo>
        <Attr Name="ImportPath" Val="$PPRDIR/../../../../../../../../../../../../../../../../../School/y2s1/ee2026/FINAL PROJECT/Matrix/Matrix.srcs/sources_1/new/Determinant_Output_Background.mem"/>
        <Attr Name="ImportTime" Val="1730361288"/>
        <Attr Name="UsedIn" Val="synthesis"/>
        <Attr Name="UsedIn" Val="simulation"/>
      </FileInfo>
    </File>
    <File Path="$PSRCDIR/sources_1/imports/limko/OneDrive/Desktop/School/y2s1/ee2026/FINAL PROJECT/Matrix/Matrix.srcs/sources_1/new/Determinant_Size_Background.mem">
      <FileInfo>
        <Attr Name="ImportPath" Val="$PPRDIR/../../../../../../../../../../../../../../../../../School/y2s1/ee2026/FINAL PROJECT/Matrix/Matrix.srcs/sources_1/new/Determinant_Size_Background.mem"/>
        <Attr Name="ImportTime" Val="1730361288"/>
        <Attr Name="UsedIn" Val="synthesis"/>
        <Attr Name="UsedIn" Val="simulation"/>
      </FileInfo>
    </File>
    <File Path="$PSRCDIR/sources_1/imports/limko/OneDrive/Desktop/School/y2s1/ee2026/FINAL PROJECT/Matrix/Matrix.srcs/sources_1/new/Multiply_Size_Background.mem">
      <FileInfo>
        <Attr Name="ImportPath" Val="$PPRDIR/../../../../../../../../../../../../../../../../../School/y2s1/ee2026/FINAL PROJECT/Matrix/Matrix.srcs/sources_1/new/Multiply_Size_Background.mem"/>
        <Attr Name="ImportTime" Val="1730478533"/>
        <Attr Name="UsedIn" Val="synthesis"/>
        <Attr Name="UsedIn" Val="simulation"/>
      </FileInfo>
    </File>
    <File Path="$PSRCDIR/sources_1/imports/limko/OneDrive/Desktop/School/y2s1/ee2026/FINAL PROJECT/Matrix/Matrix.srcs/sources_1/new/OK.mem">
      <FileInfo>
        <Attr Name="ImportPath" Val="$PPRDIR/../../../../../../../../../../../../../../../../../School/y2s1/ee2026/FINAL PROJECT/Matrix/Matrix.srcs/sources_1/new/OK.mem"/>
        <Attr Name="ImportTime" Val="1730361290"/>
        <Attr Name="UsedIn" Val="synthesis"/>
        <Attr Name="UsedIn" Val="simulation"/>
      </FileInfo>
    </File>
    <File Path="$PSRCDIR/sources_1/imports/limko/OneDrive/Desktop/School/y2s1/ee2026/FINAL PROJECT/Matrix/Matrix.srcs/sources_1/new/Multiply_Size_Background_R2.mem">
      <FileInfo>
        <Attr Name="ImportPath" Val="$PPRDIR/../../../../../../../../../../../../../../../../../School/y2s1/ee2026/FINAL PROJECT/Matrix/Matrix.srcs/sources_1/new/Multiply_Size_Background_R2.mem"/>
        <Attr Name="ImportTime" Val="1730478538"/>
        <Attr Name="UsedIn" Val="synthesis"/>
        <Attr Name="UsedIn" Val="simulation"/>
      </FileInfo>
    </File>
    <File Path="$PSRCDIR/sources_1/imports/limko/OneDrive/Desktop/School/y2s1/ee2026/FINAL PROJECT/Matrix/Matrix.srcs/sources_1/new/Numpad_Background.mem">
      <FileInfo>
        <Attr Name="ImportPath" Val="$PPRDIR/../../../../../../../../../../../../../../../../../School/y2s1/ee2026/FINAL PROJECT/Matrix/Matrix.srcs/sources_1/new/Numpad_Background.mem"/>
        <Attr Name="ImportTime" Val="1730361289"/>
        <Attr Name="UsedIn" Val="synthesis"/>
        <Attr Name="UsedIn" Val="simulation"/>
      </FileInfo>
    </File>
    <File Path="$PSRCDIR/sources_1/imports/limko/OneDrive/Desktop/School/y2s1/ee2026/FINAL PROJECT/Matrix/Matrix.srcs/sources_1/new/Multiply_Size_Background_R1.mem">
      <FileInfo>
        <Attr Name="ImportPath" Val="$PPRDIR/../../../../../../../../../../../../../../../../../School/y2s1/ee2026/FINAL PROJECT/Matrix/Matrix.srcs/sources_1/new/Multiply_Size_Background_R1.mem"/>
        <Attr Name="ImportTime" Val="1730478536"/>
        <Attr Name="UsedIn" Val="synthesis"/>
        <Attr Name="UsedIn" Val="simulation"/>
      </FileInfo>
    </File>
    <File Path="$PSRCDIR/sources_1/imports/limko/OneDrive/Desktop/School/y2s1/ee2026/FINAL PROJECT/Matrix/Matrix.srcs/sources_1/new/Size_Menu_Words.mem">
      <FileInfo>
        <Attr Name="ImportPath" Val="$PPRDIR/../../../../../../../../../../../../../../../../../School/y2s1/ee2026/FINAL PROJECT/Matrix/Matrix.srcs/sources_1/new/Size_Menu_Words.mem"/>
        <Attr Name="ImportTime" Val="1730361290"/>
        <Attr Name="UsedIn" Val="synthesis"/>
        <Attr Name="UsedIn" Val="simulation"/>
      </FileInfo>
    </File>
    <File Path="$PSRCDIR/sources_1/imports/limko/OneDrive/Desktop/School/y2s1/ee2026/FINAL PROJECT/Project_2/Project_2.srcs/sources_1/imports/questions/Q2.mem">
      <FileInfo>
        <Attr Name="ImportPath" Val="$PPRDIR/../../../../../../../../../../../../../../../../../School/y2s1/ee2026/FINAL PROJECT/Project_2/Project_2.srcs/sources_1/imports/questions/Q2.mem"/>
        <Attr Name="ImportTime" Val="1730367915"/>
        <Attr Name="UsedIn" Val="synthesis"/>
        <Attr Name="UsedIn" Val="simulation"/>
      </FileInfo>
    </File>
    <File Path="$PSRCDIR/sources_1/imports/limko/OneDrive/Desktop/School/y2s1/ee2026/FINAL PROJECT/Project_2/Project_2.srcs/sources_1/imports/questions/Q1.mem">
      <FileInfo>
        <Attr Name="ImportPath" Val="$PPRDIR/../../../../../../../../../../../../../../../../../School/y2s1/ee2026/FINAL PROJECT/Project_2/Project_2.srcs/sources_1/imports/questions/Q1.mem"/>
        <Attr Name="ImportTime" Val="1730367915"/>
        <Attr Name="UsedIn" Val="synthesis"/>
        <Attr Name="UsedIn" Val="simulation"/>
      </FileInfo>
    </File>
    <File Path="$PSRCDIR/sources_1/imports/limko/OneDrive/Desktop/School/y2s1/ee2026/FINAL PROJECT/Project_2/Project_2.srcs/sources_1/imports/questions/Q7.mem">
      <FileInfo>
        <Attr Name="ImportPath" Val="$PPRDIR/../../../../../../../../../../../../../../../../../School/y2s1/ee2026/FINAL PROJECT/Project_2/Project_2.srcs/sources_1/imports/questions/Q7.mem"/>
        <Attr Name="ImportTime" Val="1730367915"/>
        <Attr Name="UsedIn" Val="synthesis"/>
        <Attr Name="UsedIn" Val="simulation"/>
      </FileInfo>
    </File>
    <File Path="$PSRCDIR/sources_1/imports/limko/OneDrive/Desktop/School/y2s1/ee2026/FINAL PROJECT/Project_2/Project_2.srcs/sources_1/imports/questions/Q6.mem">
      <FileInfo>
        <Attr Name="ImportPath" Val="$PPRDIR/../../../../../../../../../../../../../../../../../School/y2s1/ee2026/FINAL PROJECT/Project_2/Project_2.srcs/sources_1/imports/questions/Q6.mem"/>
        <Attr Name="ImportTime" Val="1730367915"/>
        <Attr Name="UsedIn" Val="synthesis"/>
        <Attr Name="UsedIn" Val="simulation"/>
      </FileInfo>
    </File>
    <File Path="$PSRCDIR/sources_1/imports/limko/OneDrive/Desktop/School/y2s1/ee2026/FINAL PROJECT/Project_2/Project_2.srcs/sources_1/imports/questions/Q10.mem">
      <FileInfo>
        <Attr Name="ImportPath" Val="$PPRDIR/../../../../../../../../../../../../../../../../../School/y2s1/ee2026/FINAL PROJECT/Project_2/Project_2.srcs/sources_1/imports/questions/Q10.mem"/>
        <Attr Name="ImportTime" Val="1730367915"/>
        <Attr Name="UsedIn" Val="synthesis"/>
        <Attr Name="UsedIn" Val="simulation"/>
      </FileInfo>
    </File>
    <File Path="$PSRCDIR/sources_1/imports/limko/OneDrive/Desktop/School/y2s1/ee2026/FINAL PROJECT/Project_2/Project_2.srcs/sources_1/imports/questions/Q5.mem">
      <FileInfo>
        <Attr Name="ImportPath" Val="$PPRDIR/../../../../../../../../../../../../../../../../../School/y2s1/ee2026/FINAL PROJECT/Project_2/Project_2.srcs/sources_1/imports/questions/Q5.mem"/>
        <Attr Name="ImportTime" Val="1730367915"/>
        <Attr Name="UsedIn" Val="synthesis"/>
        <Attr Name="UsedIn" Val="simulation"/>
      </FileInfo>
    </File>
    <File Path="$PSRCDIR/sources_1/imports/limko/OneDrive/Desktop/School/y2s1/ee2026/FINAL PROJECT/Project_2/Project_2.srcs/sources_1/imports/questions/Q8.mem">
      <FileInfo>
        <Attr Name="ImportPath" Val="$PPRDIR/../../../../../../../../../../../../../../../../../School/y2s1/ee2026/FINAL PROJECT/Project_2/Project_2.srcs/sources_1/imports/questions/Q8.mem"/>
        <Attr Name="ImportTime" Val="1730367915"/>
        <Attr Name="UsedIn" Val="synthesis"/>
        <Attr Name="UsedIn" Val="simulation"/>
      </FileInfo>
    </File>
    <File Path="$PSRCDIR/sources_1/imports/limko/OneDrive/Desktop/School/y2s1/ee2026/FINAL PROJECT/Project_2/Project_2.srcs/sources_1/imports/judgement_screens/Yes.mem">
      <FileInfo>
        <Attr Name="ImportPath" Val="$PPRDIR/../../../../../../../../../../../../../../../../../School/y2s1/ee2026/FINAL PROJECT/Project_2/Project_2.srcs/sources_1/imports/judgement_screens/Yes.mem"/>
        <Attr Name="ImportTime" Val="1730367915"/>
        <Attr Name="UsedIn" Val="synthesis"/>
        <Attr Name="UsedIn" Val="simulation"/>
      </FileInfo>
    </File>
    <File Path="$PSRCDIR/sources_1/imports/limko/OneDrive/Desktop/School/y2s1/ee2026/FINAL PROJECT/Project_2/Project_2.srcs/sources_1/imports/questions/Q3.mem">
      <FileInfo>
        <Attr Name="ImportPath" Val="$PPRDIR/../../../../../../../../../../../../../../../../../School/y2s1/ee2026/FINAL PROJECT/Project_2/Project_2.srcs/sources_1/imports/questions/Q3.mem"/>
        <Attr Name="ImportTime" Val="1730367915"/>
        <Attr Name="UsedIn" Val="synthesis"/>
        <Attr Name="UsedIn" Val="simulation"/>
      </FileInfo>
    </File>
    <File Path="$PSRCDIR/sources_1/imports/limko/OneDrive/Desktop/School/y2s1/ee2026/FINAL PROJECT/Project_2/Project_2.srcs/sources_1/imports/questions/Q4.mem">
      <FileInfo>
        <Attr Name="ImportPath" Val="$PPRDIR/../../../../../../../../../../../../../../../../../School/y2s1/ee2026/FINAL PROJECT/Project_2/Project_2.srcs/sources_1/imports/questions/Q4.mem"/>
        <Attr Name="ImportTime" Val="1730367915"/>
        <Attr Name="UsedIn" Val="synthesis"/>
        <Attr Name="UsedIn" Val="simulation"/>
      </FileInfo>
    </File>
    <File Path="$PSRCDIR/sources_1/imports/limko/OneDrive/Desktop/School/y2s1/ee2026/FINAL PROJECT/Project_2/Project_2.srcs/sources_1/imports/questions/Q9.mem">
      <FileInfo>
        <Attr Name="ImportPath" Val="$PPRDIR/../../../../../../../../../../../../../../../../../School/y2s1/ee2026/FINAL PROJECT/Project_2/Project_2.srcs/sources_1/imports/questions/Q9.mem"/>
        <Attr Name="ImportTime" Val="1730367915"/>
        <Attr Name="UsedIn" Val="synthesis"/>
        <Attr Name="UsedIn" Val="simulation"/>
      </FileInfo>
    </File>
    <File Path="$PSRCDIR/sources_1/imports/limko/OneDrive/Desktop/School/y2s1/ee2026/FINAL PROJECT/Project_2/Project_2.srcs/sources_1/imports/judgement_screens/No.mem">
      <FileInfo>
        <Attr Name="ImportPath" Val="$PPRDIR/../../../../../../../../../../../../../../../../../School/y2s1/ee2026/FINAL PROJECT/Project_2/Project_2.srcs/sources_1/imports/judgement_screens/No.mem"/>
        <Attr Name="ImportTime" Val="1730367915"/>
        <Attr Name="UsedIn" Val="synthesis"/>
        <Attr Name="UsedIn" Val="simulation"/>
      </FileInfo>
    </File>
    <File Path="$PSRCDIR/sources_1/imports/limko/OneDrive/Desktop/School/y2s1/ee2026/FINAL PROJECT/sq_anno.mem">
      <FileInfo>
        <Attr Name="ImportPath" Val="$PPRDIR/../../../../../../../../../../../../../../../../../School/y2s1/ee2026/FINAL PROJECT/sq_anno.mem"/>
        <Attr Name="ImportTime" Val="1730394323"/>
        <Attr Name="UsedIn" Val="synthesis"/>
        <Attr Name="UsedIn" Val="simulation"/>
      </FileInfo>
    </File>
    <File Path="$PSRCDIR/sources_1/imports/limko/OneDrive/Desktop/School/y2s1/ee2026/FINAL PROJECT/pill_page.mem">
      <FileInfo>
        <Attr Name="ImportPath" Val="$PPRDIR/../../../../../../../../../../../../../../../../../School/y2s1/ee2026/FINAL PROJECT/pill_page.mem"/>
        <Attr Name="ImportTime" Val="1730446157"/>
        <Attr Name="UsedIn" Val="synthesis"/>
        <Attr Name="UsedIn" Val="simulation"/>
      </FileInfo>
    </File>
    <File Path="$PSRCDIR/sources_1/imports/limko/Downloads/ABCDE_Rnd3.xpr/MODS/archive_project_summary.txt">
      <FileInfo>
        <Attr Name="ImportPath" Val="$PPRDIR/../../../../../../ABCDE_Rnd3.xpr/MODS/archive_project_summary.txt"/>
        <Attr Name="ImportTime" Val="1730534276"/>
      </FileInfo>
    </File>
    <File Path="$PSRCDIR/sources_1/imports/limko/OneDrive/Desktop/School/y2s1/ee2026/FINAL PROJECT/escaped.mem">
      <FileInfo>
        <Attr Name="ImportPath" Val="$PPRDIR/../../../../../../../OneDrive/Desktop/School/y2s1/ee2026/FINAL PROJECT/escaped.mem"/>
        <Attr Name="ImportTime" Val="1730530080"/>
        <Attr Name="UsedIn" Val="synthesis"/>
        <Attr Name="UsedIn" Val="simulation"/>
      </FileInfo>
    </File>
    <File Path="$PSRCDIR/sources_1/new/results_screen.mem">
      <FileInfo>
        <Attr Name="ImportPath" Val="$PPRDIR/../../../../../../ABCDE_Rnd3.xpr/MODS/MODS.srcs/sources_1/new/results_screen.mem"/>
        <Attr Name="ImportTime" Val="1730536279"/>
        <Attr Name="UsedIn" Val="synthesis"/>
        <Attr Name="UsedIn" Val="simulation"/>
      </FileInfo>
    </File>
    <File Path="$PSRCDIR/sources_1/imports/MODS/archive_project_summary.txt">
      <FileInfo>
        <Attr Name="ImportPath" Val="$PPRDIR/../../../../archive_project_summary.txt"/>
        <Attr Name="ImportTime" Val="1730616856"/>
      </FileInfo>
    </File>
    <Config>
      <Option Name="DesignMode" Val="RTL"/>
      <Option Name="TopModule" Val="Top_Student"/>
    </Config>
  </FileSet>
  <FileSet Name="constrs_in" Type="Constrs" RelSrcDir="$PSRCDIR/constrs_1">
    <Filter Type="Constrs"/>
    <File Path="$PSRCDIR/constrs_1/new/constr.xdc">
      <FileInfo>
        <Attr Name="ImportPath" Val="$PPRDIR/../../../../../../../../../../../../../../../../../../MODS/MODS.srcs/constrs_1/new/constr.xdc"/>
        <Attr Name="ImportTime" Val="1729754106"/>
        <Attr Name="UsedIn" Val="synthesis"/>
        <Attr Name="UsedIn" Val="implementation"/>
      </FileInfo>
    </File>
    <Config>
      <Option Name="ConstrsType" Val="XDC"/>
    </Config>
  </FileSet>
  <Strategy Version="1" Minor="2">
    <StratHandle Name="Vivado Implementation Defaults" Flow="Vivado Implementation 2018"/>
    <Step Id="init_design"/>
    <Step Id="opt_design"/>
    <Step Id="power_opt_design"/>
    <Step Id="place_design"/>
    <Step Id="post_place_power_opt_design"/>
    <Step Id="phys_opt_design"/>
    <Step Id="route_design"/>
    <Step Id="post_route_phys_opt_design"/>
    <Step Id="write_bitstream"/>
  </Strategy>
  <BlockFileSet Type="BlockSrcs" Name="mult_gen"/>
</GenRun>
